[
  {
    "user_id": "users_1_2462542316",
    "input_type": "url",
    "input_content": "https://www.youtube.com/watch?v=0t4g0i5Px3Y",
    "result": "safe",
    "confidence_score": 0.8,
    "threat_level": "unknown",
    "reasons": [
      "Threat intelligence: MINIMAL risk detected"
    ],
    "ai_analysis": {
      "text_complexity": 0.25,
      "sentiment_score": 0.0,
      "keyword_density": 0.0,
      "ai_confidence": 0.4
    },
    "user_ip": "27.34.76.35, 10.83.2.76",
    "user_agent": "Mozilla/5.0 (X11; Linux x86_64; rv:140.0) Gecko/20100101 Firefox/140.0",
    "timestamp": "2025-06-05 07:20:01.072414",
    "_id": "detections_1_802611389"
  },
  {
    "user_id": "users_1_2462542316",
    "input_type": "message",
    "input_content": "UndefinedError\r\njinja2.exceptions.UndefinedError: 'dict object' has no attribute 'created_at'",
    "result": "safe",
    "confidence_score": 0.8,
    "threat_level": "unknown",
    "reasons": [],
    "ai_analysis": {
      "text_complexity": 2.6666666666666665,
      "sentiment_score": -0.125,
      "keyword_density": 0.0,
      "ai_confidence": 0.24999999999999997
    },
    "user_ip": "27.34.76.35, 10.83.9.76",
    "user_agent": "Mozilla/5.0 (X11; Linux x86_64; rv:140.0) Gecko/20100101 Firefox/140.0",
    "timestamp": "2025-06-05 07:26:21.328843",
    "_id": "detections_2_2265960969"
  },
  {
    "id": "detection_ffda6fac",
    "user_id": "user_demo_admin",
    "input_type": "url",
    "input_content": "https://secure-bank-login.suspicious-domain.com/verify-account",
    "result": "dangerous",
    "confidence_score": 0.95,
    "created_at": "2025-06-05T06:07:34.302710",
    "threat_indicators": [
      "Suspicious domain",
      "Typosquatting attempt",
      "SSL certificate mismatch"
    ],
    "recommendations": [
      "Do not click this link",
      "Report to authorities",
      "Verify with official bank website"
    ],
    "_id": "detections_4_1568595347"
  },
  {
    "id": "detection_4f87d95e",
    "user_id": "user_demo_user",
    "input_type": "email",
    "input_content": "Urgent: Your account will be suspended. Click here to verify your information immediately.",
    "result": "suspicious",
    "confidence_score": 0.78,
    "created_at": "2025-06-05T03:07:34.302929",
    "threat_indicators": [
      "Urgency tactics",
      "Generic greeting",
      "Suspicious call-to-action"
    ],
    "recommendations": [
      "Verify sender identity",
      "Contact organization directly",
      "Do not provide personal information"
    ],
    "_id": "detections_5_1231813051"
  },
  {
    "id": "detection_7cce1c4e",
    "user_id": "user_demo_admin",
    "input_type": "url",
    "input_content": "https://www.google.com",
    "result": "safe",
    "confidence_score": 0.99,
    "created_at": "2025-06-05T00:07:34.303012",
    "threat_indicators": [],
    "recommendations": [
      "Website appears safe to visit"
    ],
    "_id": "detections_6_1482270045"
  },
  {
    "id": "detection_88466156",
    "user_id": "user_demo_user",
    "input_type": "message",
    "input_content": "Congratulations! You have won $1,000,000. Send your bank details to claim your prize.",
    "result": "dangerous",
    "confidence_score": 0.92,
    "created_at": "2025-06-04T08:07:34.303073",
    "threat_indicators": [
      "Prize scam",
      "Request for financial information",
      "Too good to be true"
    ],
    "recommendations": [
      "Delete message immediately",
      "Never provide financial details",
      "Report as spam"
    ],
    "_id": "detections_7_874347338"
  },
  {
    "id": "detection_52e14722",
    "user_id": "user_demo_admin",
    "input_type": "email",
    "input_content": "Hello, this is a legitimate business email from our marketing team.",
    "result": "safe",
    "confidence_score": 0.85,
    "created_at": "2025-06-03T08:07:34.303194",
    "threat_indicators": [],
    "recommendations": [
      "Email appears legitimate"
    ],
    "_id": "detections_8_1141359548"
  },
  {
    "user_id": "users_3_2860995111",
    "input_type": "url",
    "input_content": "https://gleam.io/cXuNt/linus-tech-tips-and-amd-gaming-red-team-win-amd-upgrade-kit",
    "result": "safe",
    "confidence_score": 0.8,
    "threat_level": "unknown",
    "reasons": [
      "Threat intelligence: MINIMAL risk detected"
    ],
    "ai_analysis": {
      "text_complexity": 0.5,
      "sentiment_score": 0.0,
      "keyword_density": 0.0,
      "ai_confidence": 0.4
    },
    "user_ip": "27.34.76.35, 10.83.2.76",
    "user_agent": "Mozilla/5.0 (X11; Linux x86_64; rv:140.0) Gecko/20100101 Firefox/140.0",
    "timestamp": "2025-06-05 08:51:01.245443",
    "_id": "detections_9_227416670"
  },
  {
    "user_id": "users_3_2860995111",
    "input_type": "url",
    "input_content": "https://www.nepalconsular.gov.np/public/",
    "result": "safe",
    "confidence_score": 0.8,
    "threat_level": "unknown",
    "reasons": [
      "Threat intelligence: MINIMAL risk detected"
    ],
    "ai_analysis": {
      "text_complexity": 0.25,
      "sentiment_score": 0.0,
      "keyword_density": 0.0,
      "ai_confidence": 0.4
    },
    "user_ip": "27.34.76.35, 10.83.5.116",
    "user_agent": "Mozilla/5.0 (X11; Linux x86_64; rv:140.0) Gecko/20100101 Firefox/140.0",
    "timestamp": "2025-06-05 08:56:00.134261",
    "_id": "detections_10_3252957377"
  },
  {
    "user_id": "users_3_2860995111",
    "input_type": "message",
    "input_content": "hhhhhhhhhhhhhhhhhhhhhhhhhhhhhhhhhhhhhhhhhhhhhhhhhhhhhhhhhhhhhh",
    "result": "safe",
    "confidence_score": 0.8,
    "threat_level": "unknown",
    "reasons": [],
    "ai_analysis": {
      "text_complexity": 1.0,
      "sentiment_score": 0.0,
      "keyword_density": 0.0,
      "ai_confidence": 0.4
    },
    "user_ip": "27.34.76.35, 10.83.9.76",
    "user_agent": "Mozilla/5.0 (X11; Linux x86_64; rv:140.0) Gecko/20100101 Firefox/140.0",
    "timestamp": "2025-06-05 08:59:42.085616",
    "_id": "detections_11_3386566735"
  },
  {
    "user_id": "users_3_2860995111",
    "input_type": "url",
    "input_content": "https://github.com/potat0ka/Phishing-detection-website",
    "result": "safe",
    "confidence_score": 0.8,
    "threat_level": "unknown",
    "reasons": [
      "Threat intelligence: MINIMAL risk detected"
    ],
    "ai_analysis": {
      "text_complexity": 0.5,
      "sentiment_score": 0.0,
      "keyword_density": 0.0,
      "ai_confidence": 0.4
    },
    "user_ip": "27.34.76.35, 10.83.9.76",
    "user_agent": "Mozilla/5.0 (X11; Linux x86_64; rv:140.0) Gecko/20100101 Firefox/140.0",
    "timestamp": "2025-06-05 09:24:09.681327",
    "_id": "detections_12_458610366"
  },
  {
    "id": "detection_20250605_121310_0",
    "user_id": "user_1749125333_6273",
    "content": "https://paypal-security-update.net/verify-account",
    "result": {
      "result": "phishing",
      "category": "phishing",
      "confidence": 0.95
    },
    "timestamp": "2025-06-04T19:13:10.885939",
    "scan_type": "url",
    "ip_address": "192.168.1.45",
    "user_agent": "Mozilla/5.0 (Windows NT 10.0; Win64; x64) AppleWebKit/537.36",
    "_id": "detections_12_2945627278"
  },
  {
    "id": "detection_20250605_121310_1",
    "user_id": "super_admin_001",
    "content": "https://amazon-prize-winner.com/claim-reward",
    "result": {
      "result": "phishing",
      "category": "phishing",
      "confidence": 0.89
    },
    "timestamp": "2025-06-05T09:13:10.885939",
    "scan_type": "url",
    "ip_address": "192.168.1.71",
    "user_agent": "Mozilla/5.0 (Windows NT 10.0; Win64; x64) AppleWebKit/537.36",
    "_id": "detections_13_4243404604"
  },
  {
    "id": "detection_20250605_121310_2",
    "user_id": "user_1749125333_6273",
    "content": "https://microsoft-office365-verify.info/login",
    "result": {
      "result": "phishing",
      "category": "suspicious",
      "confidence": 0.78
    },
    "timestamp": "2025-06-04T00:13:10.885939",
    "scan_type": "url",
    "ip_address": "192.168.1.143",
    "user_agent": "Mozilla/5.0 (Windows NT 10.0; Win64; x64) AppleWebKit/537.36",
    "_id": "detections_14_2858905322"
  },
  {
    "id": "detection_20250605_121310_3",
    "user_id": "super_admin_001",
    "content": "https://google.com",
    "result": {
      "result": "safe",
      "category": "safe",
      "confidence": 0.02
    },
    "timestamp": "2025-06-04T08:13:10.885939",
    "scan_type": "url",
    "ip_address": "192.168.1.201",
    "user_agent": "Mozilla/5.0 (Windows NT 10.0; Win64; x64) AppleWebKit/537.36",
    "_id": "detections_15_1697764557"
  },
  {
    "id": "detection_20250605_121310_4",
    "user_id": "user_1749125333_6273",
    "content": "https://github.com",
    "result": {
      "result": "safe",
      "category": "safe",
      "confidence": 0.01
    },
    "timestamp": "2025-06-04T23:13:10.885939",
    "scan_type": "url",
    "ip_address": "192.168.1.74",
    "user_agent": "Mozilla/5.0 (Windows NT 10.0; Win64; x64) AppleWebKit/537.36",
    "_id": "detections_16_1892710067"
  },
  {
    "id": "detection_20250605_121310_5",
    "user_id": "super_admin_001",
    "content": "https://bank-urgent-verification.net/secure-login",
    "result": {
      "result": "dangerous",
      "category": "dangerous",
      "confidence": 0.97
    },
    "timestamp": "2025-06-03T17:13:10.885939",
    "scan_type": "url",
    "ip_address": "192.168.1.249",
    "user_agent": "Mozilla/5.0 (Windows NT 10.0; Win64; x64) AppleWebKit/537.36",
    "_id": "detections_17_378535062"
  },
  {
    "id": "detection_20250605_121310_6",
    "user_id": "user_1749125333_6273",
    "content": "https://facebook.com",
    "result": {
      "result": "safe",
      "category": "safe",
      "confidence": 0.03
    },
    "timestamp": "2025-06-04T21:13:10.885939",
    "scan_type": "url",
    "ip_address": "192.168.1.154",
    "user_agent": "Mozilla/5.0 (Windows NT 10.0; Win64; x64) AppleWebKit/537.36",
    "_id": "detections_18_4246177013"
  },
  {
    "id": "detection_20250605_121310_7",
    "user_id": "super_admin_001",
    "content": "https://crypto-investment-guaranteed.biz/signup",
    "result": {
      "result": "phishing",
      "category": "phishing",
      "confidence": 0.92
    },
    "timestamp": "2025-06-04T18:13:10.885939",
    "scan_type": "url",
    "ip_address": "192.168.1.142",
    "user_agent": "Mozilla/5.0 (Windows NT 10.0; Win64; x64) AppleWebKit/537.36",
    "_id": "detections_19_3233412025"
  }
]